Investigator,Ghislaine,Time (s),Electrode,Amplitude(mV),,,,,,,,,,,,,,,,,,,,
Recording Name,3 months,1.51288,B4_13,0.013,,,,,,,,,,,,,,,,,,,,
Description,SNCA Triplication,2.20648,B1_12,0.011,,,,,,,,,,,,,,,,,,,,
Maestro Edge Settings,,5.33616,B1_12,0.014,,,,,,,,,,,,,,,,,,,,
   Original File Time,05/03/2021 15:33:13,5.90936,B4_13,0.013,,,,,,,,,,,,,,,,,,,,
   Sampling Frequency,12.5 kHz,6.1612,B1_12,0.01,,,,,,,,,,,,,,,,,,,,
   Voltage Scale,-5.48486178148311E-08 V/sample,6.91448,B5_42,0.02,,,,,,,,,,,,,,,,,,,,
   Experiment Start Time,05/03/2021 15:33:06,7.13624,B1_12,0.011,,,,,,,,,,,,,,,,,,,,
   Referencing Method,Median,8.36224,B1_12,0.01,,,,,,,,,,,,,,,,,,,,
   Analog Mode Setting,Neural Spikes,9.16728,B5_42,0.019,,,,,,,,,,,,,,,,,,,,
   Plate Type,CytoView MEA 24,9.63272,A1_23,0.013,,,,,,,,,,,,,,,,,,,,
   Digital Low Pass Filter,3 kHz Kaiser Window,11.43808,A4_21,0.015,,,,,,,,,,,,,,,,,,,,
   Digital High Pass Filter,200 Hz IIR,11.43952,A1_23,0.012,,,,,,,,,,,,,,,,,,,,
   Temperature Set Point,37.0 Degrees C,11.62432,D1_24,0.008,,,,,,,,,,,,,,,,,,,,
   Current Temperature,36.9 Degrees C,12.47944,C5_34,0.008,,,,,,,,,,,,,,,,,,,,
   Heater Power,On,16.36936,B1_12,0.01,,,,,,,,,,,,,,,,,,,,
   Barcode Plate Type,TwentyFourWell,16.74912,B5_42,0.013,,,,,,,,,,,,,,,,,,,,
   Plate Serial Number,85-4904,17.27568,B1_12,0.009,,,,,,,,,,,,,,,,,,,,
   CO2 Conc. Set Point,5.00%,18.28888,B1_12,0.008,,,,,,,,,,,,,,,,,,,,
   Actual CO2 Conc.,5.00%,19.52128,B1_12,0.014,,,,,,,,,,,,,,,,,,,,
   Gas Mixer Status,Regulating,20.47936,B1_21,0.007,,,,,,,,,,,,,,,,,,,,
   AxIS Version,1.5.1.12,21.16448,C6_31,0.011,,,,,,,,,,,,,,,,,,,,
   Maestro Edge Firmware,1.5.1.12,23.6064,C2_24,0.011,,,,,,,,,,,,,,,,,,,,
   Maestro Edge BioCore Version,4B,23.83496,C2_21,0.014,,,,,,,,,,,,,,,,,,,,
,,25.0488,A4_21,0.016,,,,,,,,,,,,,,,,,,,,
Spike Detector Settings,,26.95184,B5_42,0.02,,,,,,,,,,,,,,,,,,,,
   Method,Adaptive Threshold Crossing,27.5908,B1_21,0.009,,,,,,,,,,,,,,,,,,,,
   Threshold,6,29.09248,B5_42,0.018,,,,,,,,,,,,,,,,,,,,
   Threshold Status,Variable,31.9976,B5_42,0.034,,,,,,,,,,,,,,,,,,,,
   Threshold Crossing Only,TRUE,34.13904,B5_42,0.016,,,,,,,,,,,,,,,,,,,,
   Pre-Spike Duration,0.84 ms,35.26816,B1_12,0.01,,,,,,,,,,,,,,,,,,,,
   Post-Spike Duration,2.16 ms,37.6376,B5_42,0.019,,,,,,,,,,,,,,,,,,,,
   Coincident Event Filter,Default (Well),37.71224,B5_42,0.021,,,,,,,,,,,,,,,,,,,,
   Coincidence Occurrence Threshold,4 Electrodes,37.87456,B5_42,0.017,,,,,,,,,,,,,,,,,,,,
   Coincidence Event Window,160 µs,39.8692,B1_14,0.01,,,,,,,,,,,,,,,,,,,,
   Allow Sample Overlap,FALSE,42.3752,B1_12,0.01,,,,,,,,,,,,,,,,,,,,
   Spike Count Interval,1 s,43.01608,B1_12,0.009,,,,,,,,,,,,,,,,,,,,
,,43.28472,B5_42,0.017,,,,,,,,,,,,,,,,,,,,
,,43.5424,A4_13,0.011,,,,,,,,,,,,,,,,,,,,
,,45.78112,B3_42,0.011,,,,,,,,,,,,,,,,,,,,
,,46.42408,B5_33,0.012,,,,,,,,,,,,,,,,,,,,
,,48.522,B1_12,0.01,,,,,,,,,,,,,,,,,,,,
,,49.96536,B5_42,0.016,,,,,,,,,,,,,,,,,,,,
,,50.12872,B1_12,0.01,,,,,,,,,,,,,,,,,,,,
,,50.17272,A1_32,0.012,,,,,,,,,,,,,,,,,,,,
,,51.05568,B1_12,0.016,,,,,,,,,,,,,,,,,,,,
,,52.57728,B5_42,0.016,,,,,,,,,,,,,,,,,,,,
,,53.39272,B1_12,0.015,,,,,,,,,,,,,,,,,,,,
,,53.88176,B1_12,0.016,,,,,,,,,,,,,,,,,,,,
,,54.36048,C2_24,0.012,,,,,,,,,,,,,,,,,,,,
,,54.74384,C2_24,0.011,,,,,,,,,,,,,,,,,,,,
,,55.516,B6_11,0.013,,,,,,,,,,,,,,,,,,,,
,,55.6524,A1_32,0.011,,,,,,,,,,,,,,,,,,,,
,,55.95456,C2_24,0.015,,,,,,,,,,,,,,,,,,,,
,,56.09328,A3_42,0.012,,,,,,,,,,,,,,,,,,,,
,,56.132,C2_24,0.01,,,,,,,,,,,,,,,,,,,,
,,56.2512,A1_23,0.011,,,,,,,,,,,,,,,,,,,,
,,56.44536,C2_24,0.012,,,,,,,,,,,,,,,,,,,,
,,56.83088,B1_12,0.012,,,,,,,,,,,,,,,,,,,,
,,57.2608,B5_42,0.016,,,,,,,,,,,,,,,,,,,,
,,58.28568,A4_21,0.016,,,,,,,,,,,,,,,,,,,,
,,59.09992,C6_22,0.013,,,,,,,,,,,,,,,,,,,,
,,65.76136,A1_23,0.012,,,,,,,,,,,,,,,,,,,,
,,65.8088,A4_13,0.011,,,,,,,,,,,,,,,,,,,,
,,66.44344,B1_12,0.009,,,,,,,,,,,,,,,,,,,,
,,67.12104,B5_42,0.016,,,,,,,,,,,,,,,,,,,,
,,69.47528,B1_12,0.009,,,,,,,,,,,,,,,,,,,,
,,69.65928,B1_12,0.009,,,,,,,,,,,,,,,,,,,,
,,70.50968,B1_12,0.009,,,,,,,,,,,,,,,,,,,,
,,70.65992,B1_12,0.011,,,,,,,,,,,,,,,,,,,,
,,70.92736,B1_12,0.011,,,,,,,,,,,,,,,,,,,,
,,73.45072,B5_21,0.009,,,,,,,,,,,,,,,,,,,,
,,74.54912,B5_42,0.018,,,,,,,,,,,,,,,,,,,,
,,77.61112,B1_12,0.008,,,,,,,,,,,,,,,,,,,,
,,77.85136,A1_23,0.012,,,,,,,,,,,,,,,,,,,,
,,78.03728,B1_12,0.01,,,,,,,,,,,,,,,,,,,,
,,78.2232,B1_12,0.009,,,,,,,,,,,,,,,,,,,,
,,78.45784,B1_12,0.009,,,,,,,,,,,,,,,,,,,,
,,80.15816,D2_22,0.013,,,,,,,,,,,,,,,,,,,,
,,81.50256,B1_12,0.01,,,,,,,,,,,,,,,,,,,,
,,82.3792,B1_12,0.009,,,,,,,,,,,,,,,,,,,,
,,82.95064,B1_12,0.01,,,,,,,,,,,,,,,,,,,,
,,83.78976,B5_33,0.015,,,,,,,,,,,,,,,,,,,,
,,84.34896,B1_12,0.012,,,,,,,,,,,,,,,,,,,,
,,86.60808,B5_33,0.012,,,,,,,,,,,,,,,,,,,,
,,87.06704,B1_12,0.017,,,,,,,,,,,,,,,,,,,,
,,87.67872,B6_11,0.017,,,,,,,,,,,,,,,,,,,,
,,88.1196,B1_12,0.011,,,,,,,,,,,,,,,,,,,,
,,88.396,B3_42,0.011,,,,,,,,,,,,,,,,,,,,
,,88.4496,B5_42,0.017,,,,,,,,,,,,,,,,,,,,
,,91.01992,B6_11,0.011,,,,,,,,,,,,,,,,,,,,
,,91.12496,B5_33,0.013,,,,,,,,,,,,,,,,,,,,
,,91.89864,B1_12,0.011,,,,,,,,,,,,,,,,,,,,
,,95.59656,B1_12,0.009,,,,,,,,,,,,,,,,,,,,
,,96.63848,B1_12,0.01,,,,,,,,,,,,,,,,,,,,
,,97.846,B1_12,0.01,,,,,,,,,,,,,,,,,,,,
,,98.19432,B1_12,0.012,,,,,,,,,,,,,,,,,,,,
,,98.60448,B5_42,0.017,,,,,,,,,,,,,,,,,,,,
,,99.07336,B5_24,0.012,,,,,,,,,,,,,,,,,,,,
,,99.152,B1_12,0.01,,,,,,,,,,,,,,,,,,,,
,,99.53224,B1_12,0.01,,,,,,,,,,,,,,,,,,,,
,,99.88656,B1_12,0.009,,,,,,,,,,,,,,,,,,,,
,,100.06304,B1_12,0.01,,,,,,,,,,,,,,,,,,,,
,,100.27112,B1_12,0.009,,,,,,,,,,,,,,,,,,,,
,,101.14208,B1_12,0.009,,,,,,,,,,,,,,,,,,,,
,,101.33304,B1_12,0.009,,,,,,,,,,,,,,,,,,,,
,,102.18552,B2_11,0.012,,,,,,,,,,,,,,,,,,,,
,,102.22912,B1_12,0.01,,,,,,,,,,,,,,,,,,,,
,,102.37832,B1_12,0.008,,,,,,,,,,,,,,,,,,,,
,,102.91832,B1_12,0.009,,,,,,,,,,,,,,,,,,,,
,,103.79408,B5_42,0.018,,,,,,,,,,,,,,,,,,,,
,,103.90616,B1_12,0.01,,,,,,,,,,,,,,,,,,,,
,,104.3352,B1_12,0.01,,,,,,,,,,,,,,,,,,,,
,,104.70536,B1_12,0.009,,,,,,,,,,,,,,,,,,,,
,,105.09344,B1_12,0.009,,,,,,,,,,,,,,,,,,,,
,,105.16184,B5_42,0.016,,,,,,,,,,,,,,,,,,,,
,,105.65544,B1_12,0.01,,,,,,,,,,,,,,,,,,,,
,,106.08416,B1_12,0.009,,,,,,,,,,,,,,,,,,,,
,,106.62904,A6_12,0.01,,,,,,,,,,,,,,,,,,,,
,,106.64232,B6_11,0.014,,,,,,,,,,,,,,,,,,,,
,,108.15888,B1_12,0.009,,,,,,,,,,,,,,,,,,,,
,,108.20632,C2_24,0.011,,,,,,,,,,,,,,,,,,,,
,,109.4436,A1_32,0.011,,,,,,,,,,,,,,,,,,,,
,,110.10984,C2_24,0.013,,,,,,,,,,,,,,,,,,,,
,,111.72672,B5_42,0.015,,,,,,,,,,,,,,,,,,,,
,,112.77952,B1_14,0.013,,,,,,,,,,,,,,,,,,,,
,,113.43744,C2_24,0.012,,,,,,,,,,,,,,,,,,,,
,,113.72544,B1_12,0.01,,,,,,,,,,,,,,,,,,,,
,,114.08224,B1_12,0.009,,,,,,,,,,,,,,,,,,,,
,,115.04392,B5_42,0.016,,,,,,,,,,,,,,,,,,,,
,,116.21112,C2_24,0.015,,,,,,,,,,,,,,,,,,,,
,,117.26616,B1_12,0.01,,,,,,,,,,,,,,,,,,,,
,,119.07376,B4_12,0.011,,,,,,,,,,,,,,,,,,,,
,,119.40168,B1_12,0.009,,,,,,,,,,,,,,,,,,,,
,,119.53552,B5_42,0.019,,,,,,,,,,,,,,,,,,,,
,,119.54296,A1_23,0.009,,,,,,,,,,,,,,,,,,,,
,,119.84384,B1_12,0.014,,,,,,,,,,,,,,,,,,,,
,,119.99472,B5_42,0.018,,,,,,,,,,,,,,,,,,,,
,,121.74808,B1_12,0.014,,,,,,,,,,,,,,,,,,,,
,,125.05168,B1_14,0.01,,,,,,,,,,,,,,,,,,,,
,,125.92032,B1_12,0.011,,,,,,,,,,,,,,,,,,,,
,,126.34536,B1_12,0.008,,,,,,,,,,,,,,,,,,,,
,,126.77368,A1_31,0.016,,,,,,,,,,,,,,,,,,,,
,,128.18904,B1_12,0.01,,,,,,,,,,,,,,,,,,,,
,,128.22608,B1_21,0.01,,,,,,,,,,,,,,,,,,,,
,,128.46248,B1_12,0.01,,,,,,,,,,,,,,,,,,,,
,,128.7924,B5_42,0.017,,,,,,,,,,,,,,,,,,,,
,,130.33368,B6_12,0.013,,,,,,,,,,,,,,,,,,,,
,,131.65008,B1_12,0.011,,,,,,,,,,,,,,,,,,,,
,,132.21768,B1_12,0.013,,,,,,,,,,,,,,,,,,,,
,,135.25128,A1_31,0.013,,,,,,,,,,,,,,,,,,,,
,,135.36432,C2_24,0.012,,,,,,,,,,,,,,,,,,,,
,,136.08104,C2_24,0.014,,,,,,,,,,,,,,,,,,,,
,,137.54928,B5_42,0.017,,,,,,,,,,,,,,,,,,,,
,,137.74392,C2_24,0.013,,,,,,,,,,,,,,,,,,,,
,,141.35592,B5_42,0.019,,,,,,,,,,,,,,,,,,,,
,,141.55248,B5_42,0.016,,,,,,,,,,,,,,,,,,,,
,,142.38288,B1_14,0.012,,,,,,,,,,,,,,,,,,,,
,,142.53312,B5_42,0.018,,,,,,,,,,,,,,,,,,,,
,,143.82976,B1_12,0.009,,,,,,,,,,,,,,,,,,,,
,,144.16728,B1_12,0.01,,,,,,,,,,,,,,,,,,,,
,,144.76016,B6_23,0.016,,,,,,,,,,,,,,,,,,,,
,,147.57464,B1_12,0.01,,,,,,,,,,,,,,,,,,,,
,,147.65848,A1_23,0.015,,,,,,,,,,,,,,,,,,,,
,,147.96152,C5_12,0.01,,,,,,,,,,,,,,,,,,,,
,,147.9764,B5_42,0.017,,,,,,,,,,,,,,,,,,,,
,,150.97368,B6_11,0.012,,,,,,,,,,,,,,,,,,,,
,,151.8512,B3_42,0.012,,,,,,,,,,,,,,,,,,,,
,,152.2064,B5_42,0.016,,,,,,,,,,,,,,,,,,,,
,,152.25776,B1_12,0.009,,,,,,,,,,,,,,,,,,,,
,,153.08512,B5_21,0.011,,,,,,,,,,,,,,,,,,,,
,,153.16176,B5_42,0.018,,,,,,,,,,,,,,,,,,,,
,,154.15136,B1_12,0.014,,,,,,,,,,,,,,,,,,,,
,,154.54328,B1_12,0.008,,,,,,,,,,,,,,,,,,,,
,,155.08424,B2_14,0.01,,,,,,,,,,,,,,,,,,,,
,,158.36248,B5_42,0.017,,,,,,,,,,,,,,,,,,,,
,,160.1684,B6_41,0.009,,,,,,,,,,,,,,,,,,,,
,,163.31248,B1_12,0.009,,,,,,,,,,,,,,,,,,,,
,,163.5872,B1_12,0.011,,,,,,,,,,,,,,,,,,,,
,,164.1832,B5_42,0.018,,,,,,,,,,,,,,,,,,,,
,,165.33352,A1_23,0.011,,,,,,,,,,,,,,,,,,,,
,,167.394,B5_42,0.016,,,,,,,,,,,,,,,,,,,,
,,168.54424,B6_12,0.011,,,,,,,,,,,,,,,,,,,,
,,170.8224,C2_24,0.011,,,,,,,,,,,,,,,,,,,,
,,170.85592,B1_12,0.009,,,,,,,,,,,,,,,,,,,,
,,171.2696,B5_42,0.018,,,,,,,,,,,,,,,,,,,,
,,171.95408,B1_12,0.01,,,,,,,,,,,,,,,,,,,,
,,172.12216,C2_24,0.013,,,,,,,,,,,,,,,,,,,,
,,173.31504,B1_12,0.014,,,,,,,,,,,,,,,,,,,,
,,173.75144,A1_23,0.013,,,,,,,,,,,,,,,,,,,,
,,173.81232,A4_21,0.018,,,,,,,,,,,,,,,,,,,,
,,174.84432,C2_21,0.012,,,,,,,,,,,,,,,,,,,,
,,175.57064,B1_12,0.008,,,,,,,,,,,,,,,,,,,,
,,176.0928,B3_42,0.011,,,,,,,,,,,,,,,,,,,,
,,177.82944,C5_12,0.011,,,,,,,,,,,,,,,,,,,,
,,179.07984,B6_41,0.012,,,,,,,,,,,,,,,,,,,,
,,179.0868,B1_12,0.014,,,,,,,,,,,,,,,,,,,,
,,180.25368,A4_13,0.025,,,,,,,,,,,,,,,,,,,,
,,182.04992,B5_42,0.018,,,,,,,,,,,,,,,,,,,,
,,182.59464,B5_42,0.016,,,,,,,,,,,,,,,,,,,,
,,183.82888,A4_22,0.012,,,,,,,,,,,,,,,,,,,,
,,183.93056,B1_12,0.012,,,,,,,,,,,,,,,,,,,,
,,185.4668,A4_21,0.014,,,,,,,,,,,,,,,,,,,,
,,186.408,B1_12,0.01,,,,,,,,,,,,,,,,,,,,
,,186.64,A4_21,0.015,,,,,,,,,,,,,,,,,,,,
,,189.06064,B5_42,0.016,,,,,,,,,,,,,,,,,,,,
,,190.59472,A4_21,0.018,,,,,,,,,,,,,,,,,,,,
,,192.56904,B5_42,0.015,,,,,,,,,,,,,,,,,,,,
,,193.08152,B1_12,0.011,,,,,,,,,,,,,,,,,,,,
,,195.0736,B6_41,0.01,,,,,,,,,,,,,,,,,,,,
,,195.1668,A4_34,0.009,,,,,,,,,,,,,,,,,,,,
,,195.5528,C6_31,0.011,,,,,,,,,,,,,,,,,,,,
,,196.33752,B4_11,0.012,,,,,,,,,,,,,,,,,,,,
,,196.45976,B5_33,0.014,,,,,,,,,,,,,,,,,,,,
,,197.83832,B5_42,0.018,,,,,,,,,,,,,,,,,,,,
,,199.34808,C2_24,0.016,,,,,,,,,,,,,,,,,,,,
,,201.18136,B5_42,0.015,,,,,,,,,,,,,,,,,,,,
,,201.87896,B5_42,0.015,,,,,,,,,,,,,,,,,,,,
,,201.91336,B1_14,0.01,,,,,,,,,,,,,,,,,,,,
,,203.42872,B5_42,0.017,,,,,,,,,,,,,,,,,,,,
,,203.53216,B5_42,0.015,,,,,,,,,,,,,,,,,,,,
,,203.68464,B5_42,0.015,,,,,,,,,,,,,,,,,,,,
,,205.42264,B5_42,0.017,,,,,,,,,,,,,,,,,,,,
,,205.88768,C2_24,0.015,,,,,,,,,,,,,,,,,,,,
,,206.34064,C2_24,0.012,,,,,,,,,,,,,,,,,,,,
,,206.7212,C2_24,0.012,,,,,,,,,,,,,,,,,,,,
,,209.29536,B4_11,0.011,,,,,,,,,,,,,,,,,,,,
,,209.37312,B1_12,0.015,,,,,,,,,,,,,,,,,,,,
,,210.5084,B1_14,0.012,,,,,,,,,,,,,,,,,,,,
,,210.5924,A4_14,0.011,,,,,,,,,,,,,,,,,,,,
,,211.72784,B5_23,0.012,,,,,,,,,,,,,,,,,,,,
,,212.29368,B5_21,0.009,,,,,,,,,,,,,,,,,,,,
,,213.75824,B5_42,0.014,,,,,,,,,,,,,,,,,,,,
,,214.27272,A3_42,0.012,,,,,,,,,,,,,,,,,,,,
,,217.35912,B5_42,0.017,,,,,,,,,,,,,,,,,,,,
,,217.61416,B5_42,0.016,,,,,,,,,,,,,,,,,,,,
,,218.64328,B1_12,0.009,,,,,,,,,,,,,,,,,,,,
,,220.48976,B5_42,0.014,,,,,,,,,,,,,,,,,,,,
,,224.18264,B1_12,0.012,,,,,,,,,,,,,,,,,,,,
,,224.34008,D5_42,0.009,,,,,,,,,,,,,,,,,,,,
,,224.3688,B5_42,0.02,,,,,,,,,,,,,,,,,,,,
,,225.84432,B5_42,0.016,,,,,,,,,,,,,,,,,,,,
,,226.38592,A4_21,0.015,,,,,,,,,,,,,,,,,,,,
,,226.61936,B5_42,0.017,,,,,,,,,,,,,,,,,,,,
,,229.19856,B1_12,0.01,,,,,,,,,,,,,,,,,,,,
,,229.34192,C2_24,0.015,,,,,,,,,,,,,,,,,,,,
,,230.3576,B5_21,0.011,,,,,,,,,,,,,,,,,,,,
,,231.92768,B1_12,0.01,,,,,,,,,,,,,,,,,,,,
,,232.28512,B5_42,0.018,,,,,,,,,,,,,,,,,,,,
,,232.3744,B5_42,0.016,,,,,,,,,,,,,,,,,,,,
,,232.49168,B5_42,0.014,,,,,,,,,,,,,,,,,,,,
,,232.93504,C2_24,0.016,,,,,,,,,,,,,,,,,,,,
,,233.1908,C2_24,0.01,,,,,,,,,,,,,,,,,,,,
,,233.614,C2_24,0.012,,,,,,,,,,,,,,,,,,,,
,,234.32864,B5_42,0.016,,,,,,,,,,,,,,,,,,,,
,,234.82656,B5_42,0.018,,,,,,,,,,,,,,,,,,,,
,,234.97816,B5_42,0.015,,,,,,,,,,,,,,,,,,,,
,,236.43728,B5_42,0.016,,,,,,,,,,,,,,,,,,,,
,,237.03328,B1_12,0.012,,,,,,,,,,,,,,,,,,,,
,,237.9968,B1_12,0.013,,,,,,,,,,,,,,,,,,,,
,,238.34408,B1_12,0.011,,,,,,,,,,,,,,,,,,,,
,,239.21168,D5_42,0.011,,,,,,,,,,,,,,,,,,,,
,,239.66352,B5_42,0.016,,,,,,,,,,,,,,,,,,,,
,,240.08616,C3_13,0.009,,,,,,,,,,,,,,,,,,,,
,,240.10352,B1_12,0.012,,,,,,,,,,,,,,,,,,,,
,,241.40784,B1_12,0.009,,,,,,,,,,,,,,,,,,,,
,,242.18672,B5_21,0.011,,,,,,,,,,,,,,,,,,,,
,,243.83544,B1_21,0.011,,,,,,,,,,,,,,,,,,,,
,,244.14752,C2_24,0.013,,,,,,,,,,,,,,,,,,,,
,,244.86408,B1_12,0.009,,,,,,,,,,,,,,,,,,,,
,,247.50912,A4_24,0.011,,,,,,,,,,,,,,,,,,,,
,,248.34552,B5_42,0.017,,,,,,,,,,,,,,,,,,,,
,,248.83984,B5_42,0.014,,,,,,,,,,,,,,,,,,,,
,,248.97592,B1_14,0.011,,,,,,,,,,,,,,,,,,,,
,,249.25952,A4_13,0.012,,,,,,,,,,,,,,,,,,,,
,,252.36216,B5_42,0.016,,,,,,,,,,,,,,,,,,,,
,,257.16048,B5_42,0.017,,,,,,,,,,,,,,,,,,,,
,,257.63616,B5_42,0.021,,,,,,,,,,,,,,,,,,,,
,,258.90496,B5_42,0.018,,,,,,,,,,,,,,,,,,,,
,,258.93488,B6_11,0.018,,,,,,,,,,,,,,,,,,,,
,,262.24728,A1_22,0.009,,,,,,,,,,,,,,,,,,,,
,,263.49224,B1_12,0.009,,,,,,,,,,,,,,,,,,,,
,,264.30408,B5_42,0.016,,,,,,,,,,,,,,,,,,,,
,,264.91344,B5_42,0.017,,,,,,,,,,,,,,,,,,,,
,,266.17208,C2_24,0.012,,,,,,,,,,,,,,,,,,,,
,,266.43192,C2_24,0.011,,,,,,,,,,,,,,,,,,,,
,,268.03328,C2_24,0.012,,,,,,,,,,,,,,,,,,,,
,,269.2312,B1_12,0.011,,,,,,,,,,,,,,,,,,,,
,,269.46872,B1_14,0.011,,,,,,,,,,,,,,,,,,,,
,,271.68448,B1_12,0.009,,,,,,,,,,,,,,,,,,,,
,,275.56208,B5_33,0.014,,,,,,,,,,,,,,,,,,,,
,,283.18888,C2_24,0.012,,,,,,,,,,,,,,,,,,,,
,,283.77624,C2_24,0.009,,,,,,,,,,,,,,,,,,,,
,,285.83584,A4_24,0.014,,,,,,,,,,,,,,,,,,,,
,,286.53128,C2_24,0.015,,,,,,,,,,,,,,,,,,,,
,,286.82424,C2_24,0.01,,,,,,,,,,,,,,,,,,,,
,,287.14,C2_24,0.011,,,,,,,,,,,,,,,,,,,,
,,287.80392,A3_31,0.009,,,,,,,,,,,,,,,,,,,,
,,289.29352,B5_42,0.019,,,,,,,,,,,,,,,,,,,,
,,290.94768,B1_12,0.009,,,,,,,,,,,,,,,,,,,,
,,291.686,B1_12,0.008,,,,,,,,,,,,,,,,,,,,
,,291.78816,B5_42,0.02,,,,,,,,,,,,,,,,,,,,
,,292.4736,A4_22,0.011,,,,,,,,,,,,,,,,,,,,
,,293.23688,B5_42,0.018,,,,,,,,,,,,,,,,,,,,
,,294.89552,B1_12,0.008,,,,,,,,,,,,,,,,,,,,
,,296.68232,B1_12,0.009,,,,,,,,,,,,,,,,,,,,
,,299.16704,A4_34,0.01,,,,,,,,,,,,,,,,,,,,
,,307.19936,A4_21,0.017,,,,,,,,,,,,,,,,,,,,
,,307.52352,C2_24,0.012,,,,,,,,,,,,,,,,,,,,
,,307.84792,B3_42,0.01,,,,,,,,,,,,,,,,,,,,
,,309.41664,A4_21,0.019,,,,,,,,,,,,,,,,,,,,
,,310.4124,B5_42,0.02,,,,,,,,,,,,,,,,,,,,
,,310.75752,B5_42,0.02,,,,,,,,,,,,,,,,,,,,
,,313.69464,B5_24,0.011,,,,,,,,,,,,,,,,,,,,
,,313.78776,C2_24,0.015,,,,,,,,,,,,,,,,,,,,
,,313.84728,B6_11,0.018,,,,,,,,,,,,,,,,,,,,
,,314.76336,C2_24,0.013,,,,,,,,,,,,,,,,,,,,
,,315.78808,B5_42,0.02,,,,,,,,,,,,,,,,,,,,
,,316.12432,B5_42,0.016,,,,,,,,,,,,,,,,,,,,
,,317.02256,B4_13,0.013,,,,,,,,,,,,,,,,,,,,
,,317.03856,A1_14,0.013,,,,,,,,,,,,,,,,,,,,
,,318.12584,C2_24,0.013,,,,,,,,,,,,,,,,,,,,
,,318.97536,C2_24,0.012,,,,,,,,,,,,,,,,,,,,
,,319.21456,C2_24,0.011,,,,,,,,,,,,,,,,,,,,
,,319.55216,C2_24,0.011,,,,,,,,,,,,,,,,,,,,
,,319.89896,D5_42,0.01,,,,,,,,,,,,,,,,,,,,
,,320.07248,C2_24,0.011,,,,,,,,,,,,,,,,,,,,
,,322.51528,A3_42,0.012,,,,,,,,,,,,,,,,,,,,
,,323.66248,C2_24,0.013,,,,,,,,,,,,,,,,,,,,
,,325.21968,B1_12,0.008,,,,,,,,,,,,,,,,,,,,
,,326.69744,B6_12,0.012,,,,,,,,,,,,,,,,,,,,
,,328.4308,D5_42,0.008,,,,,,,,,,,,,,,,,,,,
,,332.80952,A1_23,0.013,,,,,,,,,,,,,,,,,,,,
,,332.9504,B5_42,0.019,,,,,,,,,,,,,,,,,,,,
,,334.73488,B1_12,0.01,,,,,,,,,,,,,,,,,,,,
,,335.57944,B5_42,0.019,,,,,,,,,,,,,,,,,,,,
,,335.74232,B5_42,0.018,,,,,,,,,,,,,,,,,,,,
,,336.02208,B1_12,0.012,,,,,,,,,,,,,,,,,,,,
,,336.94312,B1_12,0.01,,,,,,,,,,,,,,,,,,,,
,,337.36952,B3_42,0.013,,,,,,,,,,,,,,,,,,,,
,,338.25464,B1_12,0.01,,,,,,,,,,,,,,,,,,,,
,,339.20952,B1_12,0.01,,,,,,,,,,,,,,,,,,,,
,,339.708,D5_42,0.009,,,,,,,,,,,,,,,,,,,,
,,340.3828,B5_42,0.027,,,,,,,,,,,,,,,,,,,,
,,341.22976,B5_24,0.011,,,,,,,,,,,,,,,,,,,,
,,341.57896,B1_12,0.009,,,,,,,,,,,,,,,,,,,,
,,342.92128,B5_42,0.021,,,,,,,,,,,,,,,,,,,,
,,343.2228,B5_42,0.017,,,,,,,,,,,,,,,,,,,,
,,349.87112,B5_42,0.018,,,,,,,,,,,,,,,,,,,,
,,351.3244,C3_13,0.01,,,,,,,,,,,,,,,,,,,,
,,352.26112,B1_12,0.01,,,,,,,,,,,,,,,,,,,,
,,352.63232,B5_42,0.02,,,,,,,,,,,,,,,,,,,,
,,352.94328,B1_12,0.01,,,,,,,,,,,,,,,,,,,,
,,354.14368,B5_42,0.017,,,,,,,,,,,,,,,,,,,,
,,354.4404,B5_42,0.017,,,,,,,,,,,,,,,,,,,,
,,355.72448,C2_24,0.012,,,,,,,,,,,,,,,,,,,,
,,355.86976,A4_24,0.011,,,,,,,,,,,,,,,,,,,,
,,357.11272,B5_33,0.013,,,,,,,,,,,,,,,,,,,,
,,358.08192,A4_34,0.009,,,,,,,,,,,,,,,,,,,,
,,358.09992,B5_42,0.017,,,,,,,,,,,,,,,,,,,,
,,359.05504,B1_12,0.012,,,,,,,,,,,,,,,,,,,,
,,359.05576,B1_13,0.021,,,,,,,,,,,,,,,,,,,,
,,359.09264,B1_12,0.013,,,,,,,,,,,,,,,,,,,,
,,359.16512,B5_42,0.015,,,,,,,,,,,,,,,,,,,,
,,359.17856,B1_14,0.01,,,,,,,,,,,,,,,,,,,,
,,359.87424,C2_24,0.013,,,,,,,,,,,,,,,,,,,,
,,362.62656,A4_24,0.013,,,,,,,,,,,,,,,,,,,,
,,364.15416,A1_23,0.014,,,,,,,,,,,,,,,,,,,,
,,364.7148,C2_24,0.013,,,,,,,,,,,,,,,,,,,,
,,365.394,C2_24,0.013,,,,,,,,,,,,,,,,,,,,
,,365.88824,C2_24,0.012,,,,,,,,,,,,,,,,,,,,
,,365.92992,B6_41,0.01,,,,,,,,,,,,,,,,,,,,
,,366.17624,B5_42,0.018,,,,,,,,,,,,,,,,,,,,
,,367.05864,A4_13,0.012,,,,,,,,,,,,,,,,,,,,
,,367.07496,B5_42,0.02,,,,,,,,,,,,,,,,,,,,
,,368.74536,B5_33,0.014,,,,,,,,,,,,,,,,,,,,
,,368.86544,B1_12,0.012,,,,,,,,,,,,,,,,,,,,
,,368.99608,B5_42,0.018,,,,,,,,,,,,,,,,,,,,
,,369.08136,B1_12,0.012,,,,,,,,,,,,,,,,,,,,
,,369.69616,C2_24,0.013,,,,,,,,,,,,,,,,,,,,
,,370.7828,C2_24,0.014,,,,,,,,,,,,,,,,,,,,
,,371.09296,C2_24,0.012,,,,,,,,,,,,,,,,,,,,
,,371.45256,A4_13,0.011,,,,,,,,,,,,,,,,,,,,
,,372.10056,B5_33,0.015,,,,,,,,,,,,,,,,,,,,
,,372.41448,B1_12,0.011,,,,,,,,,,,,,,,,,,,,
,,372.67768,C2_24,0.012,,,,,,,,,,,,,,,,,,,,
,,373.818,B1_12,0.008,,,,,,,,,,,,,,,,,,,,
,,375.51504,B5_42,0.017,,,,,,,,,,,,,,,,,,,,
,,375.5712,B5_42,0.017,,,,,,,,,,,,,,,,,,,,
,,375.96616,B1_12,0.014,,,,,,,,,,,,,,,,,,,,
,,376.24368,B5_42,0.016,,,,,,,,,,,,,,,,,,,,
,,376.31024,B5_24,0.01,,,,,,,,,,,,,,,,,,,,
,,378.75824,B5_13,0.011,,,,,,,,,,,,,,,,,,,,
,,379.21328,C2_24,0.012,,,,,,,,,,,,,,,,,,,,
,,379.84776,B5_24,0.011,,,,,,,,,,,,,,,,,,,,
,,380.15032,C2_24,0.013,,,,,,,,,,,,,,,,,,,,
,,380.86488,C2_24,0.015,,,,,,,,,,,,,,,,,,,,
,,381.22848,C2_24,0.013,,,,,,,,,,,,,,,,,,,,
,,383.50392,B1_12,0.009,,,,,,,,,,,,,,,,,,,,
,,383.5916,C2_24,0.014,,,,,,,,,,,,,,,,,,,,
,,385.49704,B1_12,0.009,,,,,,,,,,,,,,,,,,,,
,,385.77032,B1_12,0.009,,,,,,,,,,,,,,,,,,,,
,,386.17696,B1_12,0.01,,,,,,,,,,,,,,,,,,,,
,,388.13,B1_12,0.01,,,,,,,,,,,,,,,,,,,,
,,388.61376,A4_21,0.017,,,,,,,,,,,,,,,,,,,,
,,388.6528,A4_21,0.017,,,,,,,,,,,,,,,,,,,,
,,388.69808,A4_21,0.019,,,,,,,,,,,,,,,,,,,,
,,389.8568,A6_12,0.012,,,,,,,,,,,,,,,,,,,,
,,390.6728,A1_23,0.01,,,,,,,,,,,,,,,,,,,,
,,392.35168,A6_12,0.014,,,,,,,,,,,,,,,,,,,,
,,392.52328,B5_42,0.018,,,,,,,,,,,,,,,,,,,,
,,392.7864,B5_42,0.015,,,,,,,,,,,,,,,,,,,,
,,393.7328,B1_12,0.01,,,,,,,,,,,,,,,,,,,,
,,394.00016,B5_42,0.016,,,,,,,,,,,,,,,,,,,,
,,397.34584,B5_42,0.017,,,,,,,,,,,,,,,,,,,,
,,397.39752,B5_42,0.015,,,,,,,,,,,,,,,,,,,,
,,397.9236,B5_42,0.017,,,,,,,,,,,,,,,,,,,,
,,398.46528,B1_12,0.009,,,,,,,,,,,,,,,,,,,,
,,399.1184,B5_42,0.02,,,,,,,,,,,,,,,,,,,,
,,399.85264,B1_12,0.009,,,,,,,,,,,,,,,,,,,,
,,400.15256,B1_12,0.01,,,,,,,,,,,,,,,,,,,,
,,400.77832,B1_12,0.009,,,,,,,,,,,,,,,,,,,,
,,402.21456,B1_12,0.008,,,,,,,,,,,,,,,,,,,,
,,403.1524,B1_12,0.009,,,,,,,,,,,,,,,,,,,,
,,405.88136,B5_42,0.016,,,,,,,,,,,,,,,,,,,,
,,406.6376,B1_12,0.013,,,,,,,,,,,,,,,,,,,,
,,406.63808,B1_13,0.017,,,,,,,,,,,,,,,,,,,,
,,406.71488,B5_42,0.014,,,,,,,,,,,,,,,,,,,,
,,407.16176,B5_42,0.016,,,,,,,,,,,,,,,,,,,,
,,407.288,B1_12,0.015,,,,,,,,,,,,,,,,,,,,
,,408.20792,B5_42,0.015,,,,,,,,,,,,,,,,,,,,
,,409.03672,B1_12,0.01,,,,,,,,,,,,,,,,,,,,
,,411.25912,B1_12,0.009,,,,,,,,,,,,,,,,,,,,
,,411.74168,C2_24,0.01,,,,,,,,,,,,,,,,,,,,
,,411.75,B1_21,0.009,,,,,,,,,,,,,,,,,,,,
,,412.7108,B1_32,0.01,,,,,,,,,,,,,,,,,,,,
,,412.71128,B1_12,0.011,,,,,,,,,,,,,,,,,,,,
,,416.9148,B1_12,0.01,,,,,,,,,,,,,,,,,,,,
,,417.11744,C2_24,0.014,,,,,,,,,,,,,,,,,,,,
,,417.78912,C2_24,0.01,,,,,,,,,,,,,,,,,,,,
,,418.00248,B6_12,0.011,,,,,,,,,,,,,,,,,,,,
,,418.19744,B5_42,0.019,,,,,,,,,,,,,,,,,,,,
,,418.584,B1_12,0.009,,,,,,,,,,,,,,,,,,,,
,,419.278,B5_42,0.015,,,,,,,,,,,,,,,,,,,,
,,419.50584,A6_12,0.014,,,,,,,,,,,,,,,,,,,,
,,420.9076,B6_41,0.008,,,,,,,,,,,,,,,,,,,,
,,421.42096,B5_42,0.016,,,,,,,,,,,,,,,,,,,,
,,427.9384,A4_24,0.011,,,,,,,,,,,,,,,,,,,,
,,429.6584,B1_13,0.019,,,,,,,,,,,,,,,,,,,,
,,429.65872,B1_12,0.009,,,,,,,,,,,,,,,,,,,,
,,429.66352,B1_12,0.009,,,,,,,,,,,,,,,,,,,,
,,430.6684,B5_42,0.017,,,,,,,,,,,,,,,,,,,,
,,430.74104,C2_24,0.013,,,,,,,,,,,,,,,,,,,,
,,431.76192,A4_24,0.013,,,,,,,,,,,,,,,,,,,,
,,432.65808,C6_22,0.011,,,,,,,,,,,,,,,,,,,,
,,433.52216,B1_12,0.01,,,,,,,,,,,,,,,,,,,,
,,435.07968,A4_22,0.012,,,,,,,,,,,,,,,,,,,,
,,435.0928,A4_12,0.015,,,,,,,,,,,,,,,,,,,,
,,435.7828,A4_12,0.015,,,,,,,,,,,,,,,,,,,,
,,436.046,B5_42,0.018,,,,,,,,,,,,,,,,,,,,
,,436.29336,A4_12,0.014,,,,,,,,,,,,,,,,,,,,
,,437.05616,C2_24,0.012,,,,,,,,,,,,,,,,,,,,
,,437.19472,A4_12,0.014,,,,,,,,,,,,,,,,,,,,
,,437.2776,C2_24,0.01,,,,,,,,,,,,,,,,,,,,
,,437.77208,B5_21,0.01,,,,,,,,,,,,,,,,,,,,
,,438.164,B5_33,0.012,,,,,,,,,,,,,,,,,,,,
,,442.05744,B1_12,0.007,,,,,,,,,,,,,,,,,,,,
,,442.66504,A4_12,0.014,,,,,,,,,,,,,,,,,,,,
,,444.14912,B1_12,0.008,,,,,,,,,,,,,,,,,,,,
,,444.45656,B1_22,0.012,,,,,,,,,,,,,,,,,,,,
,,447.04512,B1_12,0.01,,,,,,,,,,,,,,,,,,,,
,,447.16592,B1_12,0.009,,,,,,,,,,,,,,,,,,,,
,,447.3272,B1_12,0.009,,,,,,,,,,,,,,,,,,,,
,,448.41096,B4_23,0.013,,,,,,,,,,,,,,,,,,,,
,,448.79936,B1_12,0.008,,,,,,,,,,,,,,,,,,,,
,,449.41224,B1_12,0.011,,,,,,,,,,,,,,,,,,,,
,,449.44936,C2_24,0.012,,,,,,,,,,,,,,,,,,,,
,,449.53608,B6_12,0.013,,,,,,,,,,,,,,,,,,,,
,,449.98656,A1_23,0.013,,,,,,,,,,,,,,,,,,,,
,,450.08336,C2_24,0.014,,,,,,,,,,,,,,,,,,,,
,,451.87696,B1_12,0.009,,,,,,,,,,,,,,,,,,,,
,,452.18456,C2_24,0.012,,,,,,,,,,,,,,,,,,,,
,,452.41336,C2_24,0.011,,,,,,,,,,,,,,,,,,,,
,,452.53304,A4_12,0.014,,,,,,,,,,,,,,,,,,,,
,,452.60072,B1_12,0.009,,,,,,,,,,,,,,,,,,,,
,,452.72488,A4_12,0.011,,,,,,,,,,,,,,,,,,,,
,,452.75856,C2_24,0.012,,,,,,,,,,,,,,,,,,,,
,,452.95384,B1_12,0.008,,,,,,,,,,,,,,,,,,,,
,,453.29592,C6_22,0.01,,,,,,,,,,,,,,,,,,,,
,,453.824,C2_24,0.011,,,,,,,,,,,,,,,,,,,,
,,454.80848,B5_42,0.017,,,,,,,,,,,,,,,,,,,,
,,455.49288,B6_11,0.018,,,,,,,,,,,,,,,,,,,,
,,455.57632,B1_12,0.008,,,,,,,,,,,,,,,,,,,,
,,457.5808,B1_12,0.012,,,,,,,,,,,,,,,,,,,,
,,457.58168,B1_13,0.014,,,,,,,,,,,,,,,,,,,,
,,457.67352,C2_24,0.013,,,,,,,,,,,,,,,,,,,,
,,458.65872,B5_42,0.014,,,,,,,,,,,,,,,,,,,,
,,459.51112,B1_12,0.009,,,,,,,,,,,,,,,,,,,,
,,460.35768,A1_24,0.009,,,,,,,,,,,,,,,,,,,,
,,461.24816,C2_24,0.013,,,,,,,,,,,,,,,,,,,,
,,464.51336,B5_24,0.009,,,,,,,,,,,,,,,,,,,,
,,465.40616,D1_43,0.009,,,,,,,,,,,,,,,,,,,,
,,466.16528,B5_42,0.018,,,,,,,,,,,,,,,,,,,,
,,466.91936,A4_21,0.015,,,,,,,,,,,,,,,,,,,,
,,469.04416,A4_12,0.015,,,,,,,,,,,,,,,,,,,,
,,469.45,B1_12,0.01,,,,,,,,,,,,,,,,,,,,
,,470.5752,A4_21,0.018,,,,,,,,,,,,,,,,,,,,
,,472.80744,B4_22,0.017,,,,,,,,,,,,,,,,,,,,
,,473.748,A1_23,0.013,,,,,,,,,,,,,,,,,,,,
,,474.0852,B1_12,0.008,,,,,,,,,,,,,,,,,,,,
,,475.18512,B1_22,0.013,,,,,,,,,,,,,,,,,,,,
,,475.4656,B1_12,0.01,,,,,,,,,,,,,,,,,,,,
,,476.37136,A4_21,0.018,,,,,,,,,,,,,,,,,,,,
,,476.44968,A4_21,0.015,,,,,,,,,,,,,,,,,,,,
,,479.59544,B5_42,0.015,,,,,,,,,,,,,,,,,,,,
,,480.37176,B1_12,0.009,,,,,,,,,,,,,,,,,,,,
,,482.98648,B1_12,0.009,,,,,,,,,,,,,,,,,,,,
,,484.5244,B1_12,0.01,,,,,,,,,,,,,,,,,,,,
,,485.53104,B5_42,0.016,,,,,,,,,,,,,,,,,,,,
,,486.48056,C2_24,0.011,,,,,,,,,,,,,,,,,,,,
,,487.7224,C3_13,0.01,,,,,,,,,,,,,,,,,,,,
,,489.50048,C2_24,0.014,,,,,,,,,,,,,,,,,,,,
,,489.71152,B4_22,0.016,,,,,,,,,,,,,,,,,,,,
,,491.25784,A4_13,0.013,,,,,,,,,,,,,,,,,,,,
,,492.0424,B1_12,0.01,,,,,,,,,,,,,,,,,,,,
,,492.13984,A6_12,0.012,,,,,,,,,,,,,,,,,,,,
,,492.87424,B1_12,0.009,,,,,,,,,,,,,,,,,,,,
,,494.2692,B1_12,0.008,,,,,,,,,,,,,,,,,,,,
,,498.51456,B5_42,0.017,,,,,,,,,,,,,,,,,,,,
,,500.01408,B6_41,0.01,,,,,,,,,,,,,,,,,,,,
,,501.36272,B2_11,0.011,,,,,,,,,,,,,,,,,,,,
,,505.24896,B1_14,0.011,,,,,,,,,,,,,,,,,,,,
,,506.2544,B5_42,0.019,,,,,,,,,,,,,,,,,,,,
,,508.2708,D1_43,0.01,,,,,,,,,,,,,,,,,,,,
,,508.72664,B1_12,0.01,,,,,,,,,,,,,,,,,,,,
,,509.40792,B1_12,0.009,,,,,,,,,,,,,,,,,,,,
,,512.9172,B5_42,0.017,,,,,,,,,,,,,,,,,,,,
,,515.5936,B1_12,0.009,,,,,,,,,,,,,,,,,,,,
,,516.56888,A1_23,0.013,,,,,,,,,,,,,,,,,,,,
,,517.92656,C2_24,0.011,,,,,,,,,,,,,,,,,,,,
,,519.9264,B1_12,0.01,,,,,,,,,,,,,,,,,,,,
,,520.09912,D1_43,0.011,,,,,,,,,,,,,,,,,,,,
,,520.11576,B1_12,0.01,,,,,,,,,,,,,,,,,,,,
,,520.2048,D5_42,0.008,,,,,,,,,,,,,,,,,,,,
,,522.64376,B1_12,0.009,,,,,,,,,,,,,,,,,,,,
,,523.26864,B5_33,0.016,,,,,,,,,,,,,,,,,,,,
,,523.50568,A1_23,0.01,,,,,,,,,,,,,,,,,,,,
,,524.7488,C2_24,0.012,,,,,,,,,,,,,,,,,,,,
,,525.29968,C2_24,0.012,,,,,,,,,,,,,,,,,,,,
,,525.79584,C6_22,0.011,,,,,,,,,,,,,,,,,,,,
,,525.87,C3_13,0.012,,,,,,,,,,,,,,,,,,,,
,,525.97768,A4_21,0.017,,,,,,,,,,,,,,,,,,,,
,,528.03944,A1_23,0.012,,,,,,,,,,,,,,,,,,,,
,,528.17544,A1_14,0.011,,,,,,,,,,,,,,,,,,,,
,,530.5372,B4_11,0.011,,,,,,,,,,,,,,,,,,,,
,,530.80416,A4_12,0.015,,,,,,,,,,,,,,,,,,,,
,,533.56176,B1_12,0.009,,,,,,,,,,,,,,,,,,,,
,,537.3468,C2_24,0.013,,,,,,,,,,,,,,,,,,,,
,,538.49328,A4_24,0.012,,,,,,,,,,,,,,,,,,,,
,,538.494,A4_34,0.012,,,,,,,,,,,,,,,,,,,,
,,540.61376,B1_12,0.009,,,,,,,,,,,,,,,,,,,,
,,541.34272,B1_12,0.013,,,,,,,,,,,,,,,,,,,,
,,542.63712,B5_23,0.012,,,,,,,,,,,,,,,,,,,,
,,543.56,A2_34,0.011,,,,,,,,,,,,,,,,,,,,
,,543.97104,B3_42,0.011,,,,,,,,,,,,,,,,,,,,
,,546.09664,B1_12,0.009,,,,,,,,,,,,,,,,,,,,
,,546.40792,A4_24,0.012,,,,,,,,,,,,,,,,,,,,
,,547.02624,B5_33,0.013,,,,,,,,,,,,,,,,,,,,
,,549.35328,A1_23,0.011,,,,,,,,,,,,,,,,,,,,
,,549.61912,B1_12,0.01,,,,,,,,,,,,,,,,,,,,
,,551.94848,A4_21,0.013,,,,,,,,,,,,,,,,,,,,
,,553.96864,C2_24,0.011,,,,,,,,,,,,,,,,,,,,
,,555.38,B6_11,0.014,,,,,,,,,,,,,,,,,,,,
,,555.62088,A4_12,0.014,,,,,,,,,,,,,,,,,,,,
,,557.73072,B1_12,0.009,,,,,,,,,,,,,,,,,,,,
,,558.16144,B1_12,0.009,,,,,,,,,,,,,,,,,,,,
,,562.41904,A4_12,0.014,,,,,,,,,,,,,,,,,,,,
,,562.6804,B1_12,0.01,,,,,,,,,,,,,,,,,,,,
,,565.0868,C2_24,0.012,,,,,,,,,,,,,,,,,,,,
,,568.33392,B5_42,0.014,,,,,,,,,,,,,,,,,,,,
,,577.154,C2_24,0.013,,,,,,,,,,,,,,,,,,,,
,,577.726,B5_33,0.013,,,,,,,,,,,,,,,,,,,,
,,578.8636,B6_11,0.018,,,,,,,,,,,,,,,,,,,,
,,579.01392,B1_12,0.013,,,,,,,,,,,,,,,,,,,,
,,579.0592,B6_11,0.02,,,,,,,,,,,,,,,,,,,,
,,579.92008,B1_12,0.008,,,,,,,,,,,,,,,,,,,,
,,580.63752,B5_21,0.011,,,,,,,,,,,,,,,,,,,,
,,580.78184,B6_41,0.011,,,,,,,,,,,,,,,,,,,,
,,581.62088,A4_21,0.014,,,,,,,,,,,,,,,,,,,,
,,583.04816,A1_23,0.013,,,,,,,,,,,,,,,,,,,,
,,584.22824,B1_21,0.008,,,,,,,,,,,,,,,,,,,,
,,584.84544,A1_23,0.013,,,,,,,,,,,,,,,,,,,,
,,585.63224,B1_12,0.01,,,,,,,,,,,,,,,,,,,,
,,586.57192,B1_12,0.009,,,,,,,,,,,,,,,,,,,,
,,587.4116,B5_33,0.015,,,,,,,,,,,,,,,,,,,,
,,589.13552,B6_12,0.012,,,,,,,,,,,,,,,,,,,,
,,590.02792,A6_12,0.013,,,,,,,,,,,,,,,,,,,,
,,590.44664,A4_12,0.016,,,,,,,,,,,,,,,,,,,,
,,592.3344,A4_12,0.016,,,,,,,,,,,,,,,,,,,,
,,594.6392,B3_42,0.011,,,,,,,,,,,,,,,,,,,,
,,594.82568,B6_12,0.013,,,,,,,,,,,,,,,,,,,,
,,595.53032,B6_14,0.013,,,,,,,,,,,,,,,,,,,,
,,595.86864,B1_12,0.012,,,,,,,,,,,,,,,,,,,,
,,597.16824,A4_12,0.016,,,,,,,,,,,,,,,,,,,,
,,599.53248,B1_12,0.009,,,,,,,,,,,,,,,,,,,,
,,599.94632,C6_22,0.012,,,,,,,,,,,,,,,,,,,,
,,600.20024,C2_24,0.015,,,,,,,,,,,,,,,,,,,,
,,600.2716,B1_12,0.009,,,,,,,,,,,,,,,,,,,,
,,600.63048,C6_33,0.012,,,,,,,,,,,,,,,,,,,,
,,604.22896,A3_32,0.01,,,,,,,,,,,,,,,,,,,,
,,605.48536,C2_24,0.01,,,,,,,,,,,,,,,,,,,,
,,606.3504,A1_23,0.011,,,,,,,,,,,,,,,,,,,,
,,607.7676,B1_12,0.013,,,,,,,,,,,,,,,,,,,,
,,607.90872,C2_24,0.011,,,,,,,,,,,,,,,,,,,,
,,608.40456,B1_12,0.012,,,,,,,,,,,,,,,,,,,,
,,608.42496,C2_24,0.012,,,,,,,,,,,,,,,,,,,,
,,608.486,B6_42,0.013,,,,,,,,,,,,,,,,,,,,
,,608.97328,B5_33,0.014,,,,,,,,,,,,,,,,,,,,
,,610.69696,C2_24,0.013,,,,,,,,,,,,,,,,,,,,
,,611.31696,B1_12,0.012,,,,,,,,,,,,,,,,,,,,
,,612.3264,C3_22,0.008,,,,,,,,,,,,,,,,,,,,
,,614.25952,A4_21,0.016,,,,,,,,,,,,,,,,,,,,
,,614.9496,A4_12,0.016,,,,,,,,,,,,,,,,,,,,
,,615.11616,B6_12,0.012,,,,,,,,,,,,,,,,,,,,
,,615.9152,B1_12,0.012,,,,,,,,,,,,,,,,,,,,
,,615.95856,B1_12,0.011,,,,,,,,,,,,,,,,,,,,
,,615.96696,B5_24,0.01,,,,,,,,,,,,,,,,,,,,
,,618.37792,D1_43,0.009,,,,,,,,,,,,,,,,,,,,
,,618.7136,A4_12,0.015,,,,,,,,,,,,,,,,,,,,
,,618.8508,A4_21,0.017,,,,,,,,,,,,,,,,,,,,
,,618.88976,B1_12,0.009,,,,,,,,,,,,,,,,,,,,
,,619.37424,A1_23,0.012,,,,,,,,,,,,,,,,,,,,
,,620.83752,A3_32,0.01,,,,,,,,,,,,,,,,,,,,
,,621.17624,A1_23,0.013,,,,,,,,,,,,,,,,,,,,
,,621.59104,B1_12,0.012,,,,,,,,,,,,,,,,,,,,
,,621.95048,B6_12,0.012,,,,,,,,,,,,,,,,,,,,
,,625.07448,B1_12,0.009,,,,,,,,,,,,,,,,,,,,
,,625.2056,D1_43,0.008,,,,,,,,,,,,,,,,,,,,
,,626.17136,B1_12,0.009,,,,,,,,,,,,,,,,,,,,
,,628.45248,A4_21,0.016,,,,,,,,,,,,,,,,,,,,
,,628.4856,B1_12,0.008,,,,,,,,,,,,,,,,,,,,
,,632.05992,A1_23,0.012,,,,,,,,,,,,,,,,,,,,
,,632.43536,B1_12,0.01,,,,,,,,,,,,,,,,,,,,
,,632.55704,B6_12,0.01,,,,,,,,,,,,,,,,,,,,
,,632.86624,B1_12,0.009,,,,,,,,,,,,,,,,,,,,
,,635.3596,C2_24,0.012,,,,,,,,,,,,,,,,,,,,
,,636.35088,C2_24,0.011,,,,,,,,,,,,,,,,,,,,
,,637.04296,A6_12,0.013,,,,,,,,,,,,,,,,,,,,
,,637.96712,B5_33,0.013,,,,,,,,,,,,,,,,,,,,
,,639.248,A4_21,0.017,,,,,,,,,,,,,,,,,,,,
,,639.76616,A4_12,0.014,,,,,,,,,,,,,,,,,,,,
,,640.05768,C6_32,0.012,,,,,,,,,,,,,,,,,,,,
,,641.35288,A4_12,0.015,,,,,,,,,,,,,,,,,,,,
,,641.97488,A4_12,0.017,,,,,,,,,,,,,,,,,,,,
,,642.66856,A4_12,0.015,,,,,,,,,,,,,,,,,,,,
,,643.1596,A4_12,0.014,,,,,,,,,,,,,,,,,,,,
,,644.11768,A1_23,0.011,,,,,,,,,,,,,,,,,,,,
,,644.33296,A4_13,0.01,,,,,,,,,,,,,,,,,,,,
,,645.78296,C2_24,0.013,,,,,,,,,,,,,,,,,,,,
,,646.37744,C3_13,0.01,,,,,,,,,,,,,,,,,,,,
,,649.53024,B5_42,0.015,,,,,,,,,,,,,,,,,,,,
,,649.85752,A1_23,0.01,,,,,,,,,,,,,,,,,,,,
,,649.93056,B1_12,0.01,,,,,,,,,,,,,,,,,,,,
,,650.0792,C3_13,0.01,,,,,,,,,,,,,,,,,,,,
,,650.86488,A1_23,0.011,,,,,,,,,,,,,,,,,,,,
,,653.32184,B5_42,0.018,,,,,,,,,,,,,,,,,,,,
,,654.34112,A4_34,0.01,,,,,,,,,,,,,,,,,,,,
,,656.5836,B5_33,0.013,,,,,,,,,,,,,,,,,,,,
,,657.90712,A1_23,0.013,,,,,,,,,,,,,,,,,,,,
,,659.43152,B1_12,0.01,,,,,,,,,,,,,,,,,,,,
,,659.43288,B1_13,0.015,,,,,,,,,,,,,,,,,,,,
,,659.4564,B1_12,0.013,,,,,,,,,,,,,,,,,,,,
,,659.49488,B1_12,0.012,,,,,,,,,,,,,,,,,,,,
,,665.74528,B2_11,0.011,,,,,,,,,,,,,,,,,,,,
,,666.57864,B5_33,0.012,,,,,,,,,,,,,,,,,,,,
,,666.78216,A4_21,0.018,,,,,,,,,,,,,,,,,,,,
,,667.28192,B6_11,0.013,,,,,,,,,,,,,,,,,,,,
,,667.62504,B5_33,0.012,,,,,,,,,,,,,,,,,,,,
,,667.65536,B5_33,0.012,,,,,,,,,,,,,,,,,,,,
,,668.90264,C2_24,0.012,,,,,,,,,,,,,,,,,,,,
,,669.19408,C2_24,0.012,,,,,,,,,,,,,,,,,,,,
,,669.30536,B1_12,0.011,,,,,,,,,,,,,,,,,,,,
,,669.57832,A1_23,0.013,,,,,,,,,,,,,,,,,,,,
,,670.064,B1_12,0.011,,,,,,,,,,,,,,,,,,,,
,,670.53768,C2_24,0.01,,,,,,,,,,,,,,,,,,,,
,,672.13848,B1_14,0.011,,,,,,,,,,,,,,,,,,,,
,,672.19024,A1_23,0.014,,,,,,,,,,,,,,,,,,,,
,,674.9644,A1_23,0.014,,,,,,,,,,,,,,,,,,,,
,,675.7328,B1_12,0.01,,,,,,,,,,,,,,,,,,,,
,,675.99864,B1_12,0.01,,,,,,,,,,,,,,,,,,,,
,,676.63168,B6_13,0.012,,,,,,,,,,,,,,,,,,,,
,,676.79584,B1_12,0.008,,,,,,,,,,,,,,,,,,,,
,,679.74736,B1_12,0.009,,,,,,,,,,,,,,,,,,,,
,,680.02352,B1_13,0.018,,,,,,,,,,,,,,,,,,,,
,,680.02432,B1_12,0.012,,,,,,,,,,,,,,,,,,,,
,,680.2864,D1_43,0.01,,,,,,,,,,,,,,,,,,,,
,,682.0564,B5_42,0.015,,,,,,,,,,,,,,,,,,,,
,,683.66072,A1_23,0.012,,,,,,,,,,,,,,,,,,,,
,,684.33152,A3_32,0.01,,,,,,,,,,,,,,,,,,,,
,,684.41288,A4_24,0.011,,,,,,,,,,,,,,,,,,,,
,,684.41352,A4_34,0.01,,,,,,,,,,,,,,,,,,,,
,,684.52824,B1_12,0.011,,,,,,,,,,,,,,,,,,,,
,,684.84816,B4_22,0.016,,,,,,,,,,,,,,,,,,,,
,,685.70776,A4_21,0.014,,,,,,,,,,,,,,,,,,,,
,,686.64256,B1_12,0.014,,,,,,,,,,,,,,,,,,,,
,,686.68712,B1_12,0.011,,,,,,,,,,,,,,,,,,,,
,,688.52624,C3_13,0.01,,,,,,,,,,,,,,,,,,,,
,,688.88368,A4_12,0.016,,,,,,,,,,,,,,,,,,,,
,,690.36608,C2_24,0.012,,,,,,,,,,,,,,,,,,,,
,,691.00352,C2_24,0.013,,,,,,,,,,,,,,,,,,,,
,,692.8952,B2_14,0.01,,,,,,,,,,,,,,,,,,,,
,,694.21968,B4_22,0.012,,,,,,,,,,,,,,,,,,,,
,,694.24184,B4_22,0.018,,,,,,,,,,,,,,,,,,,,
,,694.78776,B1_12,0.009,,,,,,,,,,,,,,,,,,,,
,,697.05176,B1_12,0.01,,,,,,,,,,,,,,,,,,,,
,,697.05248,B1_13,0.018,,,,,,,,,,,,,,,,,,,,
,,697.07136,B1_12,0.013,,,,,,,,,,,,,,,,,,,,
,,697.09536,B1_12,0.01,,,,,,,,,,,,,,,,,,,,
,,697.1008,B1_12,0.008,,,,,,,,,,,,,,,,,,,,
,,697.14048,B1_12,0.012,,,,,,,,,,,,,,,,,,,,
,,698.92192,B5_21,0.012,,,,,,,,,,,,,,,,,,,,
,,699.6368,B4_22,0.01,,,,,,,,,,,,,,,,,,,,
,,700.23744,A4_12,0.014,,,,,,,,,,,,,,,,,,,,
,,701.56376,A4_12,0.013,,,,,,,,,,,,,,,,,,,,
,,701.86976,B5_42,0.015,,,,,,,,,,,,,,,,,,,,
,,703.07384,A4_12,0.014,,,,,,,,,,,,,,,,,,,,
,,703.46704,B5_42,0.015,,,,,,,,,,,,,,,,,,,,
,,703.61312,D1_43,0.01,,,,,,,,,,,,,,,,,,,,
,,704.38456,A4_12,0.015,,,,,,,,,,,,,,,,,,,,
,,706.74416,B1_12,0.009,,,,,,,,,,,,,,,,,,,,
,,706.75312,B1_21,0.012,,,,,,,,,,,,,,,,,,,,
,,711.46936,B1_32,0.009,,,,,,,,,,,,,,,,,,,,
,,711.68136,B6_41,0.009,,,,,,,,,,,,,,,,,,,,
,,711.91528,B5_42,0.016,,,,,,,,,,,,,,,,,,,,
,,712.69752,D5_42,0.008,,,,,,,,,,,,,,,,,,,,
,,713.90784,A1_23,0.01,,,,,,,,,,,,,,,,,,,,
,,715.16616,D1_43,0.01,,,,,,,,,,,,,,,,,,,,
,,717.64264,A4_12,0.015,,,,,,,,,,,,,,,,,,,,
,,718.06136,A4_24,0.013,,,,,,,,,,,,,,,,,,,,
,,718.74304,B5_42,0.017,,,,,,,,,,,,,,,,,,,,
,,720.43968,B1_12,0.016,,,,,,,,,,,,,,,,,,,,
,,720.8496,B1_12,0.009,,,,,,,,,,,,,,,,,,,,
,,721.14288,B1_12,0.009,,,,,,,,,,,,,,,,,,,,
,,722.97344,C2_24,0.012,,,,,,,,,,,,,,,,,,,,
,,724.53,C2_24,0.012,,,,,,,,,,,,,,,,,,,,
,,725.7972,B5_24,0.013,,,,,,,,,,,,,,,,,,,,
,,727.69048,A4_12,0.013,,,,,,,,,,,,,,,,,,,,
,,729.582,A3_32,0.011,,,,,,,,,,,,,,,,,,,,
,,730.2404,B5_42,0.013,,,,,,,,,,,,,,,,,,,,
,,,,,,,,,,,,,,,,,,,,,,,,
Well Information,,,,,,,,,,,,,,,,,,,,,,,,
Well,A1,A2,A3,A4,A5,A6,B1,B2,B3,B4,B5,B6,C1,C2,C3,C4,C5,C6,D1,D2,D3,D4,D5,D6
Active,TRUE,TRUE,TRUE,TRUE,TRUE,TRUE,TRUE,TRUE,TRUE,TRUE,TRUE,TRUE,TRUE,TRUE,TRUE,TRUE,TRUE,TRUE,TRUE,TRUE,TRUE,TRUE,TRUE,TRUE
Well Coloring,#00FF00,#FF0D0D,#FF0D0D,#00FF00,#00FF00,#00FF00,#00FF00,#00FF00,#FF0D0D,#00FF00,#00FF00,#00FF00,#00FF00,#00FF00,#00FF00,#00FF00,#00FF00,#00FF00,#FF0D0D,#FF0D0D,#FF0D0D,#00FF00,#FF0D0D,#FF0D0D
Control,FALSE,FALSE,FALSE,FALSE,FALSE,FALSE,FALSE,FALSE,FALSE,FALSE,FALSE,FALSE,FALSE,FALSE,FALSE,FALSE,FALSE,FALSE,FALSE,FALSE,FALSE,FALSE,FALSE,FALSE
Treatment,,Not attached,Not attached,,,,,,Not attached,,,,,,,,,,Not attached,Not attached,Not attached,,Not attached,Not attached
Concentration,,,,,,,,,,,,,,,,,,,,,,,,
Additional Information,,,,,,,,,,,,,,,,,,,,,,,,